PDF File,Status,ROI,Signature_box,Error Message
049541.pdf,Failed,,NAUnexpected error: 'NoneType' object has no attribute 'shape',
049672.pdf,Failed,,NAUnexpected error: 'NoneType' object has no attribute 'shape',
080490.pdf,Failed,,NAUnexpected error: 'NoneType' object has no attribute 'shape',
086153.pdf,Failed,,NAUnexpected error: 'NoneType' object has no attribute 'shape',
090047.pdf,Failed,,NAUnexpected error: 'NoneType' object has no attribute 'shape',
091954.pdf,Failed,,NAUnexpected error: 'NoneType' object has no attribute 'shape',
092293.pdf,Failed,,NAUnexpected error: 'NoneType' object has no attribute 'shape',
092471.pdf,Failed,,NAUnexpected error: 'NoneType' object has no attribute 'shape',
095110.pdf,Failed,,NAUnexpected error: 'NoneType' object has no attribute 'shape',
095275.pdf,Failed,,NAUnexpected error: 'NoneType' object has no attribute 'shape',
097730.pdf,Failed,,NAUnexpected error: 'NoneType' object has no attribute 'shape',
097942.pdf,Failed,,NAUnexpected error: 'NoneType' object has no attribute 'shape',
108028.pdf,Failed,,NAUnexpected error: 'NoneType' object has no attribute 'shape',
110619.pdf,Failed,,NAUnexpected error: 'NoneType' object has no attribute 'shape',
121937.pdf,Failed,,NAUnexpected error: 'NoneType' object has no attribute 'shape',
124650.pdf,Failed,,NAUnexpected error: 'NoneType' object has no attribute 'shape',
130936.pdf,Failed,,NAUnexpected error: 'NoneType' object has no attribute 'shape',
131063.pdf,Failed,,NAUnexpected error: 'NoneType' object has no attribute 'shape',
139003.pdf,Failed,,NAUnexpected error: 'NoneType' object has no attribute 'shape',
142357.pdf,Failed,,NAUnexpected error: 'NoneType' object has no attribute 'shape',
145915.pdf,Failed,,NAUnexpected error: 'NoneType' object has no attribute 'shape',
147179.pdf,Failed,,NAUnexpected error: 'NoneType' object has no attribute 'shape',
150821.pdf,Failed,,NAUnexpected error: 'NoneType' object has no attribute 'shape',
151233.pdf,Failed,,NAUnexpected error: 'NoneType' object has no attribute 'shape',
152792.pdf,Failed,,NAUnexpected error: 'NoneType' object has no attribute 'shape',
156063.pdf,Failed,,NAUnexpected error: 'NoneType' object has no attribute 'shape',
158934.pdf,Failed,,NAUnexpected error: 'NoneType' object has no attribute 'shape',
159257.pdf,Failed,,NAUnexpected error: 'NoneType' object has no attribute 'shape',
159809.pdf,Failed,,NAUnexpected error: 'NoneType' object has no attribute 'shape',
160711.pdf,Failed,,NAUnexpected error: 'NoneType' object has no attribute 'shape',
160915.pdf,Failed,,NAUnexpected error: 'NoneType' object has no attribute 'shape',
161660.pdf,Failed,,NAUnexpected error: 'NoneType' object has no attribute 'shape',
162365.pdf,Failed,,NAUnexpected error: 'NoneType' object has no attribute 'shape',
162624.pdf,Failed,,NAUnexpected error: 'NoneType' object has no attribute 'shape',
162640.pdf,Failed,,NAUnexpected error: 'NoneType' object has no attribute 'shape',
166270.pdf,Failed,,NAUnexpected error: 'NoneType' object has no attribute 'shape',
166717.pdf,Failed,,NAUnexpected error: 'NoneType' object has no attribute 'shape',
170635.pdf,Failed,,NAUnexpected error: 'NoneType' object has no attribute 'shape',
172792.pdf,Failed,,NAUnexpected error: 'NoneType' object has no attribute 'shape',
176005.pdf,Failed,,NAUnexpected error: 'NoneType' object has no attribute 'shape',
176102.pdf,Failed,,NAUnexpected error: 'NoneType' object has no attribute 'shape',
176649.pdf,Failed,,NAUnexpected error: 'NoneType' object has no attribute 'shape',
180143.pdf,Failed,,NAUnexpected error: 'NoneType' object has no attribute 'shape',
181571.pdf,Failed,,NAUnexpected error: 'NoneType' object has no attribute 'shape',
181644.pdf,Failed,,NAUnexpected error: 'NoneType' object has no attribute 'shape',
182470.pdf,Failed,,NAUnexpected error: 'NoneType' object has no attribute 'shape',
184341.pdf,Failed,,NAUnexpected error: 'NoneType' object has no attribute 'shape',
189333.pdf,Failed,,NAUnexpected error: 'NoneType' object has no attribute 'shape',
190504.pdf,Failed,,NAUnexpected error: 'NoneType' object has no attribute 'shape',
191908.pdf,Failed,,NAUnexpected error: 'NoneType' object has no attribute 'shape',
196063.pdf,Failed,,NAUnexpected error: 'NoneType' object has no attribute 'shape',
197459.pdf,Failed,,NAUnexpected error: 'NoneType' object has no attribute 'shape',
201478.pdf,Failed,,NAUnexpected error: 'NoneType' object has no attribute 'shape',
204052.pdf,Failed,,NAUnexpected error: 'NoneType' object has no attribute 'shape',
205537.pdf,Failed,,NAUnexpected error: 'NoneType' object has no attribute 'shape',
207385.pdf,Failed,,NAUnexpected error: 'NoneType' object has no attribute 'shape',
208763.pdf,Failed,,NAUnexpected error: 'NoneType' object has no attribute 'shape',
209515.pdf,Failed,,NAUnexpected error: 'NoneType' object has no attribute 'shape',
210906.pdf,Failed,,NAUnexpected error: 'NoneType' object has no attribute 'shape',
211148.pdf,Failed,,NAUnexpected error: 'NoneType' object has no attribute 'shape',
211805.pdf,Failed,,NAUnexpected error: 'NoneType' object has no attribute 'shape',
222270.pdf,Failed,,NAUnexpected error: 'NoneType' object has no attribute 'shape',
224400.pdf,Failed,,NAUnexpected error: 'NoneType' object has no attribute 'shape',
224743.pdf,Failed,,NAUnexpected error: 'NoneType' object has no attribute 'shape',
235641.pdf,Failed,,NAUnexpected error: 'NoneType' object has no attribute 'shape',
249775.pdf,Failed,,NAUnexpected error: 'NoneType' object has no attribute 'shape',
250008.pdf,Failed,,NAUnexpected error: 'NoneType' object has no attribute 'shape',
250086.pdf,Failed,,NAUnexpected error: 'NoneType' object has no attribute 'shape',
250219.pdf,Failed,,NAUnexpected error: 'NoneType' object has no attribute 'shape',
250264.pdf,Failed,,NAUnexpected error: 'NoneType' object has no attribute 'shape',
250447.pdf,Failed,,NAUnexpected error: 'NoneType' object has no attribute 'shape',
250751.pdf,Failed,,NAUnexpected error: 'NoneType' object has no attribute 'shape',
250845.pdf,Failed,,NAUnexpected error: 'NoneType' object has no attribute 'shape',
250850.pdf,Failed,,NAUnexpected error: 'NoneType' object has no attribute 'shape',
251598.pdf,Failed,,NAUnexpected error: 'NoneType' object has no attribute 'shape',
251791.pdf,Failed,,NAUnexpected error: 'NoneType' object has no attribute 'shape',
251898.pdf,Failed,,NAUnexpected error: 'NoneType' object has no attribute 'shape',
251923.pdf,Failed,,NAUnexpected error: 'NoneType' object has no attribute 'shape',
252001.pdf,Failed,,NAUnexpected error: 'NoneType' object has no attribute 'shape',
252211.pdf,Failed,,NAUnexpected error: 'NoneType' object has no attribute 'shape',
252311.pdf,Failed,,NAUnexpected error: 'NoneType' object has no attribute 'shape',
252337.pdf,Failed,,NAUnexpected error: 'NoneType' object has no attribute 'shape',
252393.pdf,Failed,,NAUnexpected error: 'NoneType' object has no attribute 'shape',
252521.pdf,Failed,,NAUnexpected error: 'NoneType' object has no attribute 'shape',
252744.pdf,Failed,,NAUnexpected error: 'NoneType' object has no attribute 'shape',
252990.pdf,Failed,,NAUnexpected error: 'NoneType' object has no attribute 'shape',
253042.pdf,Failed,,NAUnexpected error: 'NoneType' object has no attribute 'shape',
253214.pdf,Failed,,NAUnexpected error: 'NoneType' object has no attribute 'shape',
253220.pdf,Failed,,NAUnexpected error: 'NoneType' object has no attribute 'shape',
253244.pdf,Failed,,NAUnexpected error: 'NoneType' object has no attribute 'shape',
253346.pdf,Failed,,NAUnexpected error: 'NoneType' object has no attribute 'shape',
253430.pdf,Failed,,NAUnexpected error: 'NoneType' object has no attribute 'shape',
253473.pdf,Failed,,NAUnexpected error: 'NoneType' object has no attribute 'shape',
253623.pdf,Failed,,NAUnexpected error: 'NoneType' object has no attribute 'shape',
253796.pdf,Failed,,NAUnexpected error: 'NoneType' object has no attribute 'shape',
253891.pdf,Failed,,NAUnexpected error: 'NoneType' object has no attribute 'shape',
254148.pdf,Failed,,NAUnexpected error: 'NoneType' object has no attribute 'shape',
254207.pdf,Failed,,NAUnexpected error: 'NoneType' object has no attribute 'shape',
254310.pdf,Failed,,NAUnexpected error: 'NoneType' object has no attribute 'shape',
254605.pdf,Failed,,NAUnexpected error: 'NoneType' object has no attribute 'shape',
254785.pdf,Failed,,NAUnexpected error: 'NoneType' object has no attribute 'shape',
254793.pdf,Failed,,NAUnexpected error: 'NoneType' object has no attribute 'shape',
254976.pdf,Failed,,NAUnexpected error: 'NoneType' object has no attribute 'shape',
255049.pdf,Failed,,NAUnexpected error: 'NoneType' object has no attribute 'shape',
255070.pdf,Failed,,NAUnexpected error: 'NoneType' object has no attribute 'shape',
255145.pdf,Failed,,NAUnexpected error: 'NoneType' object has no attribute 'shape',
255587.pdf,Failed,,NAUnexpected error: 'NoneType' object has no attribute 'shape',
255663.pdf,Failed,,NAUnexpected error: 'NoneType' object has no attribute 'shape',
255744.pdf,Failed,,NAUnexpected error: 'NoneType' object has no attribute 'shape',
255794.pdf,Failed,,NAUnexpected error: 'NoneType' object has no attribute 'shape',
255881.pdf,Failed,,NAUnexpected error: 'NoneType' object has no attribute 'shape',
255908.pdf,Failed,,NAUnexpected error: 'NoneType' object has no attribute 'shape',
255917.pdf,Failed,,NAUnexpected error: 'NoneType' object has no attribute 'shape',
255928.pdf,Failed,,NAUnexpected error: 'NoneType' object has no attribute 'shape',
256012.pdf,Failed,,NAUnexpected error: 'NoneType' object has no attribute 'shape',
256036.pdf,Failed,,NAUnexpected error: 'NoneType' object has no attribute 'shape',
256043.pdf,Failed,,NAUnexpected error: 'NoneType' object has no attribute 'shape',
256087.pdf,Failed,,NAUnexpected error: 'NoneType' object has no attribute 'shape',
256499.pdf,Failed,,NAUnexpected error: 'NoneType' object has no attribute 'shape',
256620.pdf,Failed,,NAUnexpected error: 'NoneType' object has no attribute 'shape',
256986.pdf,Failed,,NAUnexpected error: 'NoneType' object has no attribute 'shape',
257037.pdf,Failed,,NAUnexpected error: 'NoneType' object has no attribute 'shape',
257085.pdf,Failed,,NAUnexpected error: 'NoneType' object has no attribute 'shape',
257140.pdf,Failed,,NAUnexpected error: 'NoneType' object has no attribute 'shape',
257305 (2).pdf,Failed,,NAUnexpected error: 'NoneType' object has no attribute 'shape',
257305.pdf,Failed,,NAUnexpected error: 'NoneType' object has no attribute 'shape',
257395.pdf,Failed,,NAUnexpected error: 'NoneType' object has no attribute 'shape',
257611.pdf,Failed,,NAUnexpected error: 'NoneType' object has no attribute 'shape',
258273.pdf,Failed,,NAUnexpected error: 'NoneType' object has no attribute 'shape',
258537.pdf,Failed,,NAUnexpected error: 'NoneType' object has no attribute 'shape',
258677.pdf,Failed,,NAUnexpected error: 'NoneType' object has no attribute 'shape',
258904.pdf,Failed,,NAUnexpected error: 'NoneType' object has no attribute 'shape',
258980.pdf,Failed,,NAUnexpected error: 'NoneType' object has no attribute 'shape',
258994.pdf,Failed,,NAUnexpected error: 'NoneType' object has no attribute 'shape',
259264.pdf,Failed,,NAUnexpected error: 'NoneType' object has no attribute 'shape',
259381.pdf,Failed,,NAUnexpected error: 'NoneType' object has no attribute 'shape',
259569.pdf,Failed,,NAUnexpected error: 'NoneType' object has no attribute 'shape',
260143.pdf,Failed,,NAUnexpected error: 'NoneType' object has no attribute 'shape',
260307.pdf,Failed,,NAUnexpected error: 'NoneType' object has no attribute 'shape',
260535.pdf,Failed,,NAUnexpected error: 'NoneType' object has no attribute 'shape',
260620.pdf,Failed,,NAUnexpected error: 'NoneType' object has no attribute 'shape',
260668.pdf,Failed,,NAUnexpected error: 'NoneType' object has no attribute 'shape',
260724.pdf,Failed,,NAUnexpected error: 'NoneType' object has no attribute 'shape',
260736.pdf,Failed,,NAUnexpected error: 'NoneType' object has no attribute 'shape',
260829.pdf,Failed,,NAUnexpected error: 'NoneType' object has no attribute 'shape',
260998.pdf,Failed,,NAUnexpected error: 'NoneType' object has no attribute 'shape',
261323.pdf,Failed,,NAUnexpected error: 'NoneType' object has no attribute 'shape',
261385.pdf,Failed,,NAUnexpected error: 'NoneType' object has no attribute 'shape',
261760.pdf,Failed,,NAUnexpected error: 'NoneType' object has no attribute 'shape',
262107.pdf,Failed,,NAUnexpected error: 'NoneType' object has no attribute 'shape',
262112.pdf,Failed,,NAUnexpected error: 'NoneType' object has no attribute 'shape',
262363.pdf,Failed,,NAUnexpected error: 'NoneType' object has no attribute 'shape',
262896.pdf,Failed,,NAUnexpected error: 'NoneType' object has no attribute 'shape',
263221.pdf,Failed,,NAUnexpected error: 'NoneType' object has no attribute 'shape',
263354.pdf,Failed,,NAUnexpected error: 'NoneType' object has no attribute 'shape',
263659.pdf,Failed,,NAUnexpected error: 'NoneType' object has no attribute 'shape',
263814.pdf,Failed,,NAUnexpected error: 'NoneType' object has no attribute 'shape',
264081.pdf,Failed,,NAUnexpected error: 'NoneType' object has no attribute 'shape',
264236.pdf,Failed,,NAUnexpected error: 'NoneType' object has no attribute 'shape',
264301.pdf,Failed,,NAUnexpected error: 'NoneType' object has no attribute 'shape',
264360.pdf,Failed,,NAUnexpected error: 'NoneType' object has no attribute 'shape',
264395.pdf,Failed,,NAUnexpected error: 'NoneType' object has no attribute 'shape',
264529.pdf,Failed,,NAUnexpected error: 'NoneType' object has no attribute 'shape',
264617.pdf,Failed,,NAUnexpected error: 'NoneType' object has no attribute 'shape',
264871.pdf,Failed,,NAUnexpected error: 'NoneType' object has no attribute 'shape',
265348.pdf,Failed,,NAUnexpected error: 'NoneType' object has no attribute 'shape',
265485.pdf,Failed,,NAUnexpected error: 'NoneType' object has no attribute 'shape',
265499.pdf,Failed,,NAUnexpected error: 'NoneType' object has no attribute 'shape',
266121.pdf,Failed,,NAUnexpected error: 'NoneType' object has no attribute 'shape',
266224.pdf,Failed,,NAUnexpected error: 'NoneType' object has no attribute 'shape',
266401.pdf,Failed,,NAUnexpected error: 'NoneType' object has no attribute 'shape',
266554.pdf,Failed,,NAUnexpected error: 'NoneType' object has no attribute 'shape',
267293.pdf,Failed,,NAUnexpected error: 'NoneType' object has no attribute 'shape',
267682.pdf,Failed,,NAUnexpected error: 'NoneType' object has no attribute 'shape',
267820.pdf,Failed,,NAUnexpected error: 'NoneType' object has no attribute 'shape',
267900.pdf,Failed,,NAUnexpected error: 'NoneType' object has no attribute 'shape',
267940.pdf,Failed,,NAUnexpected error: 'NoneType' object has no attribute 'shape',
267980.pdf,Failed,,NAUnexpected error: 'NoneType' object has no attribute 'shape',
268313.pdf,Failed,,NAUnexpected error: 'NoneType' object has no attribute 'shape',
268437.pdf,Failed,,NAUnexpected error: 'NoneType' object has no attribute 'shape',
268730.pdf,Failed,,NAUnexpected error: 'NoneType' object has no attribute 'shape',
268781.pdf,Failed,,NAUnexpected error: 'NoneType' object has no attribute 'shape',
268859.pdf,Failed,,NAUnexpected error: 'NoneType' object has no attribute 'shape',
269031.pdf,Failed,,NAUnexpected error: 'NoneType' object has no attribute 'shape',
269138.pdf,Failed,,NAUnexpected error: 'NoneType' object has no attribute 'shape',
269176.pdf,Failed,,NAUnexpected error: 'NoneType' object has no attribute 'shape',
269227.pdf,Failed,,NAUnexpected error: 'NoneType' object has no attribute 'shape',
269265.pdf,Failed,,NAUnexpected error: 'NoneType' object has no attribute 'shape',
269369.pdf,Failed,,NAUnexpected error: 'NoneType' object has no attribute 'shape',
269411.pdf,Failed,,NAUnexpected error: 'NoneType' object has no attribute 'shape',
270203.pdf,Failed,,NAUnexpected error: 'NoneType' object has no attribute 'shape',
270539.pdf,Failed,,NAUnexpected error: 'NoneType' object has no attribute 'shape',
270635.pdf,Failed,,NAUnexpected error: 'NoneType' object has no attribute 'shape',
271049.pdf,Failed,,NAUnexpected error: 'NoneType' object has no attribute 'shape',
271421.pdf,Failed,,NAUnexpected error: 'NoneType' object has no attribute 'shape',
271481.pdf,Failed,,NAUnexpected error: 'NoneType' object has no attribute 'shape',
271507.pdf,Failed,,NAUnexpected error: 'NoneType' object has no attribute 'shape',
271591.pdf,Failed,,NAUnexpected error: 'NoneType' object has no attribute 'shape',
272000.pdf,Failed,,NAUnexpected error: 'NoneType' object has no attribute 'shape',
272078.pdf,Failed,,NAUnexpected error: 'NoneType' object has no attribute 'shape',
272475.pdf,Failed,,NAUnexpected error: 'NoneType' object has no attribute 'shape',
272703.pdf,Failed,,NAUnexpected error: 'NoneType' object has no attribute 'shape',
273409.pdf,Failed,,NAUnexpected error: 'NoneType' object has no attribute 'shape',
273425.pdf,Failed,,NAUnexpected error: 'NoneType' object has no attribute 'shape',
273469.pdf,Failed,,NAUnexpected error: 'NoneType' object has no attribute 'shape',
273733.pdf,Failed,,NAUnexpected error: 'NoneType' object has no attribute 'shape',
273898.pdf,Failed,,NAUnexpected error: 'NoneType' object has no attribute 'shape',
274031.pdf,Failed,,NAUnexpected error: 'NoneType' object has no attribute 'shape',
274267.pdf,Failed,,NAUnexpected error: 'NoneType' object has no attribute 'shape',
274509.pdf,Failed,,NAUnexpected error: 'NoneType' object has no attribute 'shape',
274635.pdf,Failed,,NAUnexpected error: 'NoneType' object has no attribute 'shape',
274865.pdf,Failed,,NAUnexpected error: 'NoneType' object has no attribute 'shape',
274888.pdf,Failed,,NAUnexpected error: 'NoneType' object has no attribute 'shape',
275000.pdf,Failed,,NAUnexpected error: 'NoneType' object has no attribute 'shape',
275267.pdf,Failed,,NAUnexpected error: 'NoneType' object has no attribute 'shape',
275366.pdf,Failed,,NAUnexpected error: 'NoneType' object has no attribute 'shape',
275712.pdf,Failed,,NAUnexpected error: 'NoneType' object has no attribute 'shape',
275778.pdf,Failed,,NAUnexpected error: 'NoneType' object has no attribute 'shape',
275787.pdf,Failed,,NAUnexpected error: 'NoneType' object has no attribute 'shape',
275811.pdf,Failed,,NAUnexpected error: 'NoneType' object has no attribute 'shape',
276025.pdf,Failed,,NAUnexpected error: 'NoneType' object has no attribute 'shape',
276158.pdf,Failed,,NAUnexpected error: 'NoneType' object has no attribute 'shape',
276255.pdf,Failed,,NAUnexpected error: 'NoneType' object has no attribute 'shape',
276948.pdf,Failed,,NAUnexpected error: 'NoneType' object has no attribute 'shape',
277138.pdf,Failed,,NAUnexpected error: 'NoneType' object has no attribute 'shape',
277429.pdf,Failed,,NAUnexpected error: 'NoneType' object has no attribute 'shape',
277481.pdf,Failed,,NAUnexpected error: 'NoneType' object has no attribute 'shape',
277656.pdf,Failed,,NAUnexpected error: 'NoneType' object has no attribute 'shape',
277730.pdf,Failed,,NAUnexpected error: 'NoneType' object has no attribute 'shape',
277751.pdf,Failed,,NAUnexpected error: 'NoneType' object has no attribute 'shape',
277754.pdf,Failed,,NAUnexpected error: 'NoneType' object has no attribute 'shape',
277795.pdf,Failed,,NAUnexpected error: 'NoneType' object has no attribute 'shape',
277805.pdf,Failed,,NAUnexpected error: 'NoneType' object has no attribute 'shape',
277940.pdf,Failed,,NAUnexpected error: 'NoneType' object has no attribute 'shape',
277946.pdf,Failed,,NAUnexpected error: 'NoneType' object has no attribute 'shape',
278101.pdf,Failed,,NAUnexpected error: 'NoneType' object has no attribute 'shape',
278161.pdf,Failed,,NAUnexpected error: 'NoneType' object has no attribute 'shape',
278221.pdf,Failed,,NAUnexpected error: 'NoneType' object has no attribute 'shape',
278423.pdf,Failed,,NAUnexpected error: 'NoneType' object has no attribute 'shape',
278668.pdf,Failed,,NAUnexpected error: 'NoneType' object has no attribute 'shape',
278874.pdf,Failed,,NAUnexpected error: 'NoneType' object has no attribute 'shape',
279335.pdf,Failed,,NAUnexpected error: 'NoneType' object has no attribute 'shape',
279391.pdf,Failed,,NAUnexpected error: 'NoneType' object has no attribute 'shape',
279531.pdf,Failed,,NAUnexpected error: 'NoneType' object has no attribute 'shape',
279706.pdf,Failed,,NAUnexpected error: 'NoneType' object has no attribute 'shape',
280295.pdf,Failed,,NAUnexpected error: 'NoneType' object has no attribute 'shape',
280307.pdf,Failed,,NAUnexpected error: 'NoneType' object has no attribute 'shape',
280329.pdf,Failed,,NAUnexpected error: 'NoneType' object has no attribute 'shape',
280950.pdf,Failed,,NAUnexpected error: 'NoneType' object has no attribute 'shape',
281236.pdf,Failed,,NAUnexpected error: 'NoneType' object has no attribute 'shape',
281942.pdf,Failed,,NAUnexpected error: 'NoneType' object has no attribute 'shape',
281962.pdf,Failed,,NAUnexpected error: 'NoneType' object has no attribute 'shape',
282028.pdf,Failed,,NAUnexpected error: 'NoneType' object has no attribute 'shape',
282042.pdf,Failed,,NAUnexpected error: 'NoneType' object has no attribute 'shape',
282087.pdf,Failed,,NAUnexpected error: 'NoneType' object has no attribute 'shape',
282319.pdf,Failed,,NAUnexpected error: 'NoneType' object has no attribute 'shape',
282437.pdf,Failed,,NAUnexpected error: 'NoneType' object has no attribute 'shape',
282529.pdf,Failed,,NAUnexpected error: 'NoneType' object has no attribute 'shape',
282632.pdf,Failed,,NAUnexpected error: 'NoneType' object has no attribute 'shape',
282820.pdf,Failed,,NAUnexpected error: 'NoneType' object has no attribute 'shape',
282930.pdf,Failed,,NAUnexpected error: 'NoneType' object has no attribute 'shape',
283039.pdf,Failed,,NAUnexpected error: 'NoneType' object has no attribute 'shape',
283063.pdf,Failed,,NAUnexpected error: 'NoneType' object has no attribute 'shape',
283152.pdf,Failed,,NAUnexpected error: 'NoneType' object has no attribute 'shape',
283185.pdf,Failed,,NAUnexpected error: 'NoneType' object has no attribute 'shape',
283232.pdf,Failed,,NAUnexpected error: 'NoneType' object has no attribute 'shape',
283293.pdf,Failed,,NAUnexpected error: 'NoneType' object has no attribute 'shape',
283421.pdf,Failed,,NAUnexpected error: 'NoneType' object has no attribute 'shape',
283641.pdf,Failed,,NAUnexpected error: 'NoneType' object has no attribute 'shape',
284051.pdf,Failed,,NAUnexpected error: 'NoneType' object has no attribute 'shape',
284087.pdf,Failed,,NAUnexpected error: 'NoneType' object has no attribute 'shape',
284143.pdf,Failed,,NAUnexpected error: 'NoneType' object has no attribute 'shape',
284293.pdf,Failed,,NAUnexpected error: 'NoneType' object has no attribute 'shape',
284409.pdf,Failed,,NAUnexpected error: 'NoneType' object has no attribute 'shape',
284493.pdf,Failed,,NAUnexpected error: 'NoneType' object has no attribute 'shape',
284623.pdf,Failed,,NAUnexpected error: 'NoneType' object has no attribute 'shape',
284766.pdf,Failed,,NAUnexpected error: 'NoneType' object has no attribute 'shape',
284805.pdf,Failed,,NAUnexpected error: 'NoneType' object has no attribute 'shape',
284962.pdf,Failed,,NAUnexpected error: 'NoneType' object has no attribute 'shape',
285201.pdf,Failed,,NAUnexpected error: 'NoneType' object has no attribute 'shape',
285301.pdf,Failed,,NAUnexpected error: 'NoneType' object has no attribute 'shape',
285451.pdf,Failed,,NAUnexpected error: 'NoneType' object has no attribute 'shape',
285523.pdf,Failed,,NAUnexpected error: 'NoneType' object has no attribute 'shape',
285575.pdf,Failed,,NAUnexpected error: 'NoneType' object has no attribute 'shape',
285760.pdf,Failed,,NAUnexpected error: 'NoneType' object has no attribute 'shape',
285817.pdf,Failed,,NAUnexpected error: 'NoneType' object has no attribute 'shape',
285898.pdf,Failed,,NAUnexpected error: 'NoneType' object has no attribute 'shape',
285922.pdf,Failed,,NAUnexpected error: 'NoneType' object has no attribute 'shape',
285974.pdf,Failed,,NAUnexpected error: 'NoneType' object has no attribute 'shape',
286442.pdf,Failed,,NAUnexpected error: 'NoneType' object has no attribute 'shape',
286511.pdf,Failed,,NAUnexpected error: 'NoneType' object has no attribute 'shape',
286671.pdf,Failed,,NAUnexpected error: 'NoneType' object has no attribute 'shape',
286688.pdf,Failed,,NAUnexpected error: 'NoneType' object has no attribute 'shape',
287403.pdf,Failed,,NAUnexpected error: 'NoneType' object has no attribute 'shape',
287427.pdf,Failed,,NAUnexpected error: 'NoneType' object has no attribute 'shape',
287715.pdf,Failed,,NAUnexpected error: 'NoneType' object has no attribute 'shape',
288025.pdf,Failed,,NAUnexpected error: 'NoneType' object has no attribute 'shape',
288069.pdf,Failed,,NAUnexpected error: 'NoneType' object has no attribute 'shape',
288087.pdf,Failed,,NAUnexpected error: 'NoneType' object has no attribute 'shape',
288307.pdf,Failed,,NAUnexpected error: 'NoneType' object has no attribute 'shape',
288363.pdf,Failed,,NAUnexpected error: 'NoneType' object has no attribute 'shape',
288548.pdf,Failed,,NAUnexpected error: 'NoneType' object has no attribute 'shape',
288647.pdf,Failed,,NAUnexpected error: 'NoneType' object has no attribute 'shape',
288656.pdf,Failed,,NAUnexpected error: 'NoneType' object has no attribute 'shape',
288690.pdf,Failed,,NAUnexpected error: 'NoneType' object has no attribute 'shape',
288826.pdf,Failed,,NAUnexpected error: 'NoneType' object has no attribute 'shape',
288868.pdf,Failed,,NAUnexpected error: 'NoneType' object has no attribute 'shape',
288892.pdf,Failed,,NAUnexpected error: 'NoneType' object has no attribute 'shape',
288978.pdf,Failed,,NAUnexpected error: 'NoneType' object has no attribute 'shape',
289299.pdf,Failed,,NAUnexpected error: 'NoneType' object has no attribute 'shape',
289583.pdf,Failed,,NAUnexpected error: 'NoneType' object has no attribute 'shape',
289688.pdf,Failed,,NAUnexpected error: 'NoneType' object has no attribute 'shape',
289838.pdf,Failed,,NAUnexpected error: 'NoneType' object has no attribute 'shape',
290000.pdf,Failed,,NAUnexpected error: 'NoneType' object has no attribute 'shape',
290028.pdf,Failed,,NAUnexpected error: 'NoneType' object has no attribute 'shape',
290240.pdf,Failed,,NAUnexpected error: 'NoneType' object has no attribute 'shape',
290243.pdf,Failed,,NAUnexpected error: 'NoneType' object has no attribute 'shape',
290276.pdf,Failed,,NAUnexpected error: 'NoneType' object has no attribute 'shape',
290389.pdf,Failed,,NAUnexpected error: 'NoneType' object has no attribute 'shape',
290531.pdf,Failed,,NAUnexpected error: 'NoneType' object has no attribute 'shape',
290680.pdf,Failed,,NAUnexpected error: 'NoneType' object has no attribute 'shape',
290910.pdf,Failed,,NAUnexpected error: 'NoneType' object has no attribute 'shape',
290998.pdf,Failed,,NAUnexpected error: 'NoneType' object has no attribute 'shape',
291048.pdf,Failed,,NAUnexpected error: 'NoneType' object has no attribute 'shape',
291081.pdf,Failed,,NAUnexpected error: 'NoneType' object has no attribute 'shape',
291354.pdf,Failed,,NAUnexpected error: 'NoneType' object has no attribute 'shape',
291363.pdf,Failed,,NAUnexpected error: 'NoneType' object has no attribute 'shape',
291372.pdf,Failed,,NAUnexpected error: 'NoneType' object has no attribute 'shape',
291485.pdf,Failed,,NAUnexpected error: 'NoneType' object has no attribute 'shape',
291880.pdf,Failed,,NAUnexpected error: 'NoneType' object has no attribute 'shape',
291940.pdf,Failed,,NAUnexpected error: 'NoneType' object has no attribute 'shape',
291996.pdf,Failed,,NAUnexpected error: 'NoneType' object has no attribute 'shape',
292037.pdf,Failed,,NAUnexpected error: 'NoneType' object has no attribute 'shape',
292136.pdf,Failed,,NAUnexpected error: 'NoneType' object has no attribute 'shape',
292348.pdf,Failed,,NAUnexpected error: 'NoneType' object has no attribute 'shape',
292503.pdf,Failed,,NAUnexpected error: 'NoneType' object has no attribute 'shape',
292560.pdf,Failed,,NAUnexpected error: 'NoneType' object has no attribute 'shape',
292605.pdf,Failed,,NAUnexpected error: 'NoneType' object has no attribute 'shape',
292617.pdf,Failed,,NAUnexpected error: 'NoneType' object has no attribute 'shape',
292763.pdf,Failed,,NAUnexpected error: 'NoneType' object has no attribute 'shape',
292900.pdf,Failed,,NAUnexpected error: 'NoneType' object has no attribute 'shape',
293164.pdf,Failed,,NAUnexpected error: 'NoneType' object has no attribute 'shape',
293387.pdf,Failed,,NAUnexpected error: 'NoneType' object has no attribute 'shape',
293674.pdf,Failed,,NAUnexpected error: 'NoneType' object has no attribute 'shape',
293686.pdf,Failed,,NAUnexpected error: 'NoneType' object has no attribute 'shape',
293932.pdf,Failed,,NAUnexpected error: 'NoneType' object has no attribute 'shape',
293938.pdf,Failed,,NAUnexpected error: 'NoneType' object has no attribute 'shape',
293944.pdf,Failed,,NAUnexpected error: 'NoneType' object has no attribute 'shape',
294057.pdf,Failed,,NAUnexpected error: 'NoneType' object has no attribute 'shape',
294087.pdf,Failed,,NAUnexpected error: 'NoneType' object has no attribute 'shape',
294454.pdf,Failed,,NAUnexpected error: 'NoneType' object has no attribute 'shape',
294948.pdf,Failed,,NAUnexpected error: 'NoneType' object has no attribute 'shape',
295013.pdf,Failed,,NAUnexpected error: 'NoneType' object has no attribute 'shape',
295093.pdf,Failed,,NAUnexpected error: 'NoneType' object has no attribute 'shape',
295438.pdf,Failed,,NAUnexpected error: 'NoneType' object has no attribute 'shape',
295641.pdf,Failed,,NAUnexpected error: 'NoneType' object has no attribute 'shape',
295733.pdf,Failed,,NAUnexpected error: 'NoneType' object has no attribute 'shape',
295926.pdf,Failed,,NAUnexpected error: 'NoneType' object has no attribute 'shape',
295984.pdf,Failed,,NAUnexpected error: 'NoneType' object has no attribute 'shape',
296093.pdf,Failed,,NAUnexpected error: 'NoneType' object has no attribute 'shape',
296185.pdf,Failed,,NAUnexpected error: 'NoneType' object has no attribute 'shape',
296360.pdf,Failed,,NAUnexpected error: 'NoneType' object has no attribute 'shape',
296395.pdf,Failed,,NAUnexpected error: 'NoneType' object has no attribute 'shape',
296431.pdf,Failed,,NAUnexpected error: 'NoneType' object has no attribute 'shape',
296589.pdf,Failed,,NAUnexpected error: 'NoneType' object has no attribute 'shape',
296742.pdf,Failed,,NAUnexpected error: 'NoneType' object has no attribute 'shape',
296745.pdf,Failed,,NAUnexpected error: 'NoneType' object has no attribute 'shape',
296811.pdf,Failed,,NAUnexpected error: 'NoneType' object has no attribute 'shape',
296829.pdf,Failed,,NAUnexpected error: 'NoneType' object has no attribute 'shape',
296859.pdf,Failed,,NAUnexpected error: 'NoneType' object has no attribute 'shape',
296862.pdf,Failed,,NAUnexpected error: 'NoneType' object has no attribute 'shape',
296962.pdf,Failed,,NAUnexpected error: 'NoneType' object has no attribute 'shape',
297193.pdf,Failed,,NAUnexpected error: 'NoneType' object has no attribute 'shape',
297227.pdf,Failed,,NAUnexpected error: 'NoneType' object has no attribute 'shape',
297301.pdf,Failed,,NAUnexpected error: 'NoneType' object has no attribute 'shape',
297417.pdf,Failed,,NAUnexpected error: 'NoneType' object has no attribute 'shape',
297644.pdf,Failed,,NAUnexpected error: 'NoneType' object has no attribute 'shape',
297736.pdf,Failed,,NAUnexpected error: 'NoneType' object has no attribute 'shape',
297910.pdf,Failed,,NAUnexpected error: 'NoneType' object has no attribute 'shape',
297926.pdf,Failed,,NAUnexpected error: 'NoneType' object has no attribute 'shape',
297982.pdf,Failed,,NAUnexpected error: 'NoneType' object has no attribute 'shape',
298006.pdf,Failed,,NAUnexpected error: 'NoneType' object has no attribute 'shape',
298083.pdf,Failed,,NAUnexpected error: 'NoneType' object has no attribute 'shape',
298127.pdf,Failed,,NAUnexpected error: 'NoneType' object has no attribute 'shape',
298203.pdf,Failed,,NAUnexpected error: 'NoneType' object has no attribute 'shape',
298249.pdf,Failed,,NAUnexpected error: 'NoneType' object has no attribute 'shape',
298283.pdf,Failed,,NAUnexpected error: 'NoneType' object has no attribute 'shape',
298509.pdf,Failed,,NAUnexpected error: 'NoneType' object has no attribute 'shape',
298589.pdf,Failed,,NAUnexpected error: 'NoneType' object has no attribute 'shape',
298757.pdf,Failed,,NAUnexpected error: 'NoneType' object has no attribute 'shape',
298871.pdf,Failed,,NAUnexpected error: 'NoneType' object has no attribute 'shape',
298974.pdf,Failed,,NAUnexpected error: 'NoneType' object has no attribute 'shape',
299161.pdf,Failed,,NAUnexpected error: 'NoneType' object has no attribute 'shape',
299240.pdf,Failed,,NAUnexpected error: 'NoneType' object has no attribute 'shape',
299608.pdf,Failed,,NAUnexpected error: 'NoneType' object has no attribute 'shape',
299644.pdf,Failed,,NAUnexpected error: 'NoneType' object has no attribute 'shape',
299700.pdf,Failed,,NAUnexpected error: 'NoneType' object has no attribute 'shape',
299789.pdf,Failed,,NAUnexpected error: 'NoneType' object has no attribute 'shape',
300039.pdf,Failed,,NAUnexpected error: 'NoneType' object has no attribute 'shape',
300140.pdf,Failed,,NAUnexpected error: 'NoneType' object has no attribute 'shape',
300164.pdf,Failed,,NAUnexpected error: 'NoneType' object has no attribute 'shape',
300267.pdf,Failed,,NAUnexpected error: 'NoneType' object has no attribute 'shape',
300305.pdf,Failed,,NAUnexpected error: 'NoneType' object has no attribute 'shape',
301081.pdf,Failed,,NAUnexpected error: 'NoneType' object has no attribute 'shape',
301121.pdf,Failed,,NAUnexpected error: 'NoneType' object has no attribute 'shape',
301164.pdf,Failed,,NAUnexpected error: 'NoneType' object has no attribute 'shape',
301270.pdf,Failed,,NAUnexpected error: 'NoneType' object has no attribute 'shape',
301319.pdf,Failed,,NAUnexpected error: 'NoneType' object has no attribute 'shape',
301393.pdf,Failed,,NAUnexpected error: 'NoneType' object has no attribute 'shape',
301507.pdf,Failed,,NAUnexpected error: 'NoneType' object has no attribute 'shape',
301791.pdf,Failed,,NAUnexpected error: 'NoneType' object has no attribute 'shape',
301994.pdf,Failed,,NAUnexpected error: 'NoneType' object has no attribute 'shape',
302249.pdf,Failed,,NAUnexpected error: 'NoneType' object has no attribute 'shape',
302437.pdf,Failed,,NAUnexpected error: 'NoneType' object has no attribute 'shape',
302478.pdf,Failed,,NAUnexpected error: 'NoneType' object has no attribute 'shape',
302629.pdf,Failed,,NAUnexpected error: 'NoneType' object has no attribute 'shape',
302847.pdf,Failed,,NAUnexpected error: 'NoneType' object has no attribute 'shape',
302859.pdf,Failed,,NAUnexpected error: 'NoneType' object has no attribute 'shape',
303037.pdf,Failed,,NAUnexpected error: 'NoneType' object has no attribute 'shape',
303060.pdf,Failed,,NAUnexpected error: 'NoneType' object has no attribute 'shape',
303149.pdf,Failed,,NAUnexpected error: 'NoneType' object has no attribute 'shape',
303360.pdf,Failed,,NAUnexpected error: 'NoneType' object has no attribute 'shape',
303823.pdf,Failed,,NAUnexpected error: 'NoneType' object has no attribute 'shape',
304124.pdf,Failed,,NAUnexpected error: 'NoneType' object has no attribute 'shape',
304587.pdf,Failed,,NAUnexpected error: 'NoneType' object has no attribute 'shape',
304805.pdf,Failed,,NAUnexpected error: 'NoneType' object has no attribute 'shape',
305189.pdf,Failed,,NAUnexpected error: 'NoneType' object has no attribute 'shape',
305626.pdf,Failed,,NAUnexpected error: 'NoneType' object has no attribute 'shape',
305920.pdf,Failed,,NAUnexpected error: 'NoneType' object has no attribute 'shape',
305944.pdf,Failed,,NAUnexpected error: 'NoneType' object has no attribute 'shape',
306333.pdf,Failed,,NAUnexpected error: 'NoneType' object has no attribute 'shape',
306566.pdf,Failed,,NAUnexpected error: 'NoneType' object has no attribute 'shape',
306916.pdf,Failed,,NAUnexpected error: 'NoneType' object has no attribute 'shape',
306944.pdf,Failed,,NAUnexpected error: 'NoneType' object has no attribute 'shape',
306958.pdf,Failed,,NAUnexpected error: 'NoneType' object has no attribute 'shape',
307103.pdf,Failed,,NAUnexpected error: 'NoneType' object has no attribute 'shape',
307197.pdf,Failed,,NAUnexpected error: 'NoneType' object has no attribute 'shape',
307299.pdf,Failed,,NAUnexpected error: 'NoneType' object has no attribute 'shape',
307321.pdf,Failed,,NAUnexpected error: 'NoneType' object has no attribute 'shape',
307351.pdf,Failed,,NAUnexpected error: 'NoneType' object has no attribute 'shape',
307363.pdf,Failed,,NAUnexpected error: 'NoneType' object has no attribute 'shape',
307407.pdf,Failed,,NAUnexpected error: 'NoneType' object has no attribute 'shape',
307425.pdf,Failed,,NAUnexpected error: 'NoneType' object has no attribute 'shape',
307427.pdf,Failed,,NAUnexpected error: 'NoneType' object has no attribute 'shape',
311538.pdf,Failed,,NAUnexpected error: 'NoneType' object has no attribute 'shape',
311555.pdf,Failed,,NAUnexpected error: 'NoneType' object has no attribute 'shape',
312185.pdf,Failed,,NAUnexpected error: 'NoneType' object has no attribute 'shape',
313743.pdf,Failed,,NAUnexpected error: 'NoneType' object has no attribute 'shape',
314428.pdf,Failed,,NAUnexpected error: 'NoneType' object has no attribute 'shape',
317002.pdf,Failed,,NAUnexpected error: 'NoneType' object has no attribute 'shape',
324137.pdf,Failed,,NAUnexpected error: 'NoneType' object has no attribute 'shape',
